Apple 아이폰 13 256GB [자급제],"1,149,780원",https://cr.shopping.naver.com/adcr.nhn?x=OXktWCQn2lSh8mjDpCLJfv%2F%2F%2Fw%3D%3DsSFGIgaFUVJrbzFAAxOg3Ng1jA3w6Gfi0ALjFClBNF71WQE1WikGGRjsm7ORTamZ7m70aK99uQMq0sBsniqVgQl%2FtGZJcw5pDwEd3Z8Ej9MPZfYPdSDh10TsQY7EMWRFkZKPgSmjrvB0rfMiooODL9kPg%2F6PYJW9LpCSumzPJoiiI9aZyW4hhCgmcrsQhWGWG%2FjBmTqA4xW4sMIcltjwt3PKAXVfyDB1yTbVYYpYzcFnUHxlEatbmVq7jmztE%2FywsUmOBpoAcTGTPZZzgtbQFCzPDpGIrabitp2up06DaRfi54J8UO7LDGXdPU9Do8oyMXmq0wb8nQ9S1CNyVqQgAyIoVb85OE82R9tro7kEcxClqLzcRVswO%2FNXTrA15l4GNbF4OZVL2Q%2FcwuxYvViSTh0PddSuWrw2n2TgdroUT%2BYCcPfwzF9ktWcxdrcTtO8KUh7eRXhvx%2B18MP%2FzLgC0qJUpI4PyUhwN6R7rFKOqZdQslDv77rgQoH8LCOsgmhGGjYvI8NZGDKVgT3owfgSQvZmf%2B0CRZgA0dLww4hOY0m%2BUNauEcRynSn%2F8orOK7nc904PJAKTNY1uUg7BKh%2B%2FGUg7GqHV1D3wWjGI9HWmeV1%2BNWhZ3SMHTcLlpircdRzUgq1JIslBmdxaTx7xO1%2BPPoWw%3D%3D&nvMid=29029192591&catId=50001519
Apple 아이폰 13 미니 128GB [자급제],"870,000원",https://cr.shopping.naver.com/adcr.nhn?x=QY%2FBUtLYPcwJc6X6S62Zpv%2F%2F%2Fw%3D%3Ds30I1aHkEBqkNZ5Gp6vMGIlqhwcrvXz5d1bW2%2F5f%2BegJWQE1WikGGRjsm7ORTamZ7jHoO9rm7vTQKObTcqYCyfF%2FtGZJcw5pDwEd3Z8Ej9MPZfYPdSDh10TsQY7EMWRFkZKPgSmjrvB0rfMiooODL9kPg%2F6PYJW9LpCSumzPJoiiI9aZyW4hhCgmcrsQhWGWGoDvSF0ti4vm%2FgippbT9zgPKAXVfyDB1yTbVYYpYzcFnUHxlEatbmVq7jmztE%2FywsUmOBpoAcTGTPZZzgtbQFCzPDpGIrabitp2up06DaRfi54J8UO7LDGXdPU9Do8oyMXmq0wb8nQ9S1CNyVqQgAyHmRxKmHimLE1VG%2B3xy0PC5qLzcRVswO%2FNXTrA15l4GNbF4OZVL2Q%2FcwuxYvViSThzGbkeYhnXlLdW%2BW%2BH9FFgycPfwzF9ktWcxdrcTtO8KUh7eRXhvx%2B18MP%2FzLgC0qJUfTmu80PPs%2FMBPhnIzy5qt1I8EDCh5n2RBrPUf%2BYM4BX8a%2FHvPOPEuDd1Ce%2FzZYNRXM5J3igv1Khco9LIVqG6ZJWUy9fvMzT%2B%2BEep6CmbqkpuWmPUn4omDthcd%2BJi5EGpsHPk0VbZFggT8HBu4wMvRXc50eBITwugSNPH3Ok09sVpGw61BSdoQRvEGgfFlc5w%3D%3D&nvMid=29030650586&catId=50001519
Apple 아이폰 13 프로 256GB [자급제],"1,329,890원",https://cr.shopping.naver.com/adcr.nhn?x=wWVriYFvlpy2MWR1Dib8Fv%2F%2F%2Fw%3D%3DsMiQ%2Fr6X4cDbIsR%2FP4o3B73IN0Ejz7F3D6m4OnECupTEbsBKbbjTB%2BBCjsLv6tz%2BjJ3%2FIQl9ie3KG%2FfymOZ6aEV7FYH788QfCJIdjaaKd1029ZPKk1OpVFn94TkhbFILOmhhV339A3zP0YdhZz3BfZUgAn8lD2%2BxrgblrBqYwPdWug%2B9sjA7rHdeMLkY%2BwIMUBoJ3D2%2FUDVKv9Br5lu%2FNPDQZD6UDT51Dg8nNb9lI8fV%2BFLPJmN7kd5F0maTGsL0cuOJt%2FomtfcEwwxKL9zH1zEaSjWMTC%2BB55lqwZCq6JQjL%2Fowdnq7%2Fmfq67OVRzok0S5SJNLgIdS1XFCtZ5GETGNOkYLzwqdEJnrAovuPsvq1hwObKukac%2FPM1Y1Xw4I8xDG4evy%2BM13j64UYOnhTyGcIcyAJuPIKhVwB9tYNp4XYGVJjQOIMS03m13YAnzFDQpOVXrumE0IYWoVbuYGHPlT4OngYKgyg9ZO2oWjkSR%2BrG206zoTJkKRJKeFBLcypkhOBUHb0ZqO6MTkr8MsJnIfNUlTkJrbcQKUGhqI2%2FHS1l002%2B%2BbhkX%2Fp16kTz8%2Fm4EaThcwm2jOjlPe7qD4n46zte35NfTXXOl8HSDElaqbHkQhX2uOdrtpoj7sgvBlDFHRyPBWbUFRhWScTsgQynPg%3D%3D&nvMid=29030492586&catId=50001519
Apple 아이폰 13 프로 128GB [자급제],"1,222,140원",https://cr.shopping.naver.com/adcr.nhn?x=hoq4cqC9VbzD806OWWgDJf%2F%2F%2Fw%3D%3Dsr8LOZvi%2FyVr3GVSc73j7s%2BAQ6WnfAQQ%2BNMUeeUsBlAxWQE1WikGGRjsm7ORTamZ7x%2Bneqt%2FJBkm3dn1aqmV%2BAF%2FtGZJcw5pDwEd3Z8Ej9MPZfYPdSDh10TsQY7EMWRFkZKPgSmjrvB0rfMiooODL9kPg%2F6PYJW9LpCSumzPJoiiI9aZyW4hhCgmcrsQhWGWGwdrQOP9pRsgL9Xzjs9Fyk%2FKAXVfyDB1yTbVYYpYzcFnUHxlEatbmVq7jmztE%2FywsUmOBpoAcTGTPZZzgtbQFCzPDpGIrabitp2up06DaRfi54J8UO7LDGXdPU9Do8oyMXmq0wb8nQ9S1CNyVqQgAyLtw9u4y%2FuskXT9PV45zs8BqLzcRVswO%2FNXTrA15l4GNbF4OZVL2Q%2FcwuxYvViSThyV5D4SUbxgjy9f63GO3SxOcPfwzF9ktWcxdrcTtO8KUh7eRXhvx%2B18MP%2FzLgC0qJRZQL3TdB6ucCZA%2FS9JD78J1I8EDCh5n2RBrPUf%2BYM4BX8a%2FHvPOPEuDd1Ce%2FzZYNS2PY0%2BfUfkhzOJUzID0cYxW24WFoW1Wy6LghKNwZCYyn3Af24KJVx3t5woVjGQGl2Zo8vDxcGh5o16qgfEEF51WhZ3SMHTcLlpircdRzUgq1JIslBmdxaTx7xO1%2BPPoWw%3D%3D&nvMid=29030420587&catId=50001519
Apple 아이폰 13 128GB [자급제],"1,010,000원",https://cr.shopping.naver.com/adcr.nhn?x=17uEljyvCwJ50Yf3Gs%2BoPv%2F%2F%2Fw%3D%3DskSDOhiYFASMbjQWFQaLSFZDz1snn0JBRso%2FhkSrC2fdhJz9H0Ub4KLvuVTVtNMxMjZAlE5XyADvzHBlE9%2BK7tF6bw3bUmUv0m1B3AFbI2maWrPvdsDK5MuKdrS6%2B3lKgTJ5OyLd3ePYdorppuGxrVMi30QtKP1mA7BYZPpxeJLexWvZfe2todmJfmpbNrXnqNGdmVqT0qJ11casXr%2FJUjrix7jXt7MNVc9AIu4EfDZlNEwRr%2B3STfYHGn%2FB5b3e4WeP5BlKuIhJ%2BwNMXDybD7PafPBYdnYESxw4qXCWWF09VXemfpmeX70wC2wQT5nyi5pxiwDZPU40LYzhHX%2FcRv1RNaPCKj%2F8lDEFi6bV9JNYhIW%2Fufm4Ai1g%2Bbn5o8FWgvX82Y5Ils9cLeBDu1LyZB9piwhsOY7o4kcOdH1kNIASgIX25kXOk%2FUPdTKqFSCOqDgcKWP7TrEwfWP0fV1BFe9GBq212DKjwb1MxodOVeCv1JtnyFV8OD7Bngtl8x0Qvfm8I4%2BLwqxkEirhSi8uz%2FOmqbdjJ7nlkSV86%2FLSEMtfvW2q1ZBpuV%2F%2FvtKUgTGHn4nNaz%2BNfsGMncCdGqi5rx6OFiwRyuEGWgJKFu6x96wDNjqh%2FZemCCOboDhnweAmG&nvMid=29030374587&catId=50001519
Apple 아이폰 13 미니 256GB [자급제],"1,010,000원",https://cr.shopping.naver.com/adcr.nhn?x=KINDLtqiIhGKRkzvV0ar%2Bv%2F%2F%2Fw%3D%3DsLatpyixvXisvVlvVKqmmrmw%2FCaQfhGU2Cf24fqjXeWcbsBKbbjTB%2BBCjsLv6tz%2BjkQ1MpsV2d3G6UdIPJgLW0OSf53Xn3gxAEoxj1JvEOZe9ZPKk1OpVFn94TkhbFILOmhhV339A3zP0YdhZz3BfZUgAn8lD2%2BxrgblrBqYwPdWug%2B9sjA7rHdeMLkY%2BwIMUdRFHqaZwu7z86DCBOMgIITQZD6UDT51Dg8nNb9lI8fV%2BFLPJmN7kd5F0maTGsL0cuOJt%2FomtfcEwwxKL9zH1zEaSjWMTC%2BB55lqwZCq6JQjL%2Fowdnq7%2Fmfq67OVRzok0S5SJNLgIdS1XFCtZ5GETGBFTYx2T%2FnE5JANEnS61yHI5AjjGHxdpds%2BjCa9fIJdQDG4evy%2BM13j64UYOnhTyGeH5%2B4rxgmX%2FD3ltK0qBggLcEUMk%2BYg0ZV3bZSl4pTyypOVXrumE0IYWoVbuYGHPlV4nVlpZlOp63ers57eQ7rfG206zoTJkKRJKeFBLcypkhOBUHb0ZqO6MTkr8MsJnIffoALpqJS1Sc%2BQX7kdtQVBakuvHwTvhSDOON0TqIGwXEaThcwm2jOjlPe7qD4n464v3UDWH%2B1EBs5Fio%2FPN5aR7V4OJPCLUyPLk52qgX1JvHRyPBWbUFRhWScTsgQynPg%3D%3D&nvMid=29030437590&catId=50001519
Apple 아이폰 13 프로 맥스 256GB [자급제],"1,515,810원",https://cr.shopping.naver.com/adcr.nhn?x=wso0JT3lfaWHoxnUI3E7u%2F%2F%2F%2Fw%3D%3DsWuUEzKrVIQRoqSNE2LI1ZFQ061PqVkPit1GP3HoWssJhJz9H0Ub4KLvuVTVtNMxMwm97IvVqxSOUi57lqCTbiV6bw3bUmUv0m1B3AFbI2maWrPvdsDK5MuKdrS6%2B3lKgTJ5OyLd3ePYdorppuGxrVMi30QtKP1mA7BYZPpxeJLexWvZfe2todmJfmpbNrXnqiTiHgV17tngZX6ODLdebGbix7jXt7MNVc9AIu4EfDZlNEwRr%2B3STfYHGn%2FB5b3e4WeP5BlKuIhJ%2BwNMXDybD7PafPBYdnYESxw4qXCWWF09VXemfpmeX70wC2wQT5nyi5pxiwDZPU40LYzhHX%2FcRvyEJIg3qsjrpYs%2BgllH6C6khIW%2Fufm4Ai1g%2Bbn5o8FWgvX82Y5Ils9cLeBDu1LyZBypx6ZcRQfXgzncMMBEUgSygIX25kXOk%2FUPdTKqFSCOqDgcKWP7TrEwfWP0fV1BFewstxKXYfuaTY89uFKbdXCB8yCKT6GPhhsVeKu8TBI1nmWXdAuntmcqbOFOk%2BQxKwb3EHiGgBiCEEZyXK87%2B6sUeoqw2qXrdSLH93OMGd%2F9vramjBwCZI9AwCV4mCTWQmVPXycp1Ln2n7lqe%2BKsaYklCRHG1s4c3miylY5ZQVnbCy1Vhq%2FH77x9Zlr1IFzyuow%3D%3D&nvMid=29030294588&catId=50001519
Apple 아이폰 13 프로 512GB [자급제],"1,636,800원",https://cr.shopping.naver.com/adcr.nhn?x=ym%2FMWMOnG%2Bx6%2Fnv2eCWP3P%2F%2F%2Fw%3D%3DsEfI6xDSY42r2CjcGEGnjRkW3S7R2g%2BEFzqGISl1pKkRhJz9H0Ub4KLvuVTVtNMxM3kG%2B6xuvhzm82bdpQJhLk16bw3bUmUv0m1B3AFbI2maWrPvdsDK5MuKdrS6%2B3lKgTJ5OyLd3ePYdorppuGxrVMi30QtKP1mA7BYZPpxeJLexWvZfe2todmJfmpbNrXnqlDPFdx1sLuYHxlc7aw3L%2Brix7jXt7MNVc9AIu4EfDZlNEwRr%2B3STfYHGn%2FB5b3e4WeP5BlKuIhJ%2BwNMXDybD7PafPBYdnYESxw4qXCWWF09VXemfpmeX70wC2wQT5nyi5pxiwDZPU40LYzhHX%2FcRvxYevT2V9dokMEJoGusdQTchIW%2Fufm4Ai1g%2Bbn5o8FWgvX82Y5Ils9cLeBDu1LyZB2eLZ5rUKZE8f%2F6GQUsxEfagIX25kXOk%2FUPdTKqFSCOqDgcKWP7TrEwfWP0fV1BFe9zC5Ok%2BGRIgi5WcssAqmubPxSH%2BMhjwnhZYEHfltYfSuwP9L0j7YvHB2OKNn2rLcD%2BpSVVX%2BzkihTeHNg0N%2B7KjbLTVRFrKbIzLpY3eLMB5%2BgtF15PMkmjkNDmi88yMRbvZoZ3zT7eboNs6NXSIDmtjtEEnHZo%2B%2FVuCJHvsmHjrDVCYCaeglF2rgr1u2OQIzQ%3D%3D&nvMid=29030416587&catId=50001519
Apple 아이폰 13 프로 맥스 128GB [자급제],"1,396,450원",https://cr.shopping.naver.com/adcr.nhn?x=liLRJJ0jdYSsMvFJWpyrqf%2F%2F%2Fw%3D%3DsdUyKeDQUOg167jgjtCNeyBYPqek0Ox79vKGSLeG%2BkdBhJz9H0Ub4KLvuVTVtNMxMnWb9G11usIGbcxa1fHqtGF6bw3bUmUv0m1B3AFbI2maWrPvdsDK5MuKdrS6%2B3lKgTJ5OyLd3ePYdorppuGxrVMi30QtKP1mA7BYZPpxeJLexWvZfe2todmJfmpbNrXnqnCfUWv5T09LdwRr0l79u4rix7jXt7MNVc9AIu4EfDZlNEwRr%2B3STfYHGn%2FB5b3e4WeP5BlKuIhJ%2BwNMXDybD7PafPBYdnYESxw4qXCWWF09VXemfpmeX70wC2wQT5nyi5pxiwDZPU40LYzhHX%2FcRv9L2UBJLa6XcYlvkSvpmVE8hIW%2Fufm4Ai1g%2Bbn5o8FWgvX82Y5Ils9cLeBDu1LyZB5EoWiCdRModGupiQTuPEPugIX25kXOk%2FUPdTKqFSCOqDgcKWP7TrEwfWP0fV1BFewstxKXYfuaTY89uFKbdXCBye2E0oiy56LjfcXpSjA4tmWXdAuntmcqbOFOk%2BQxKwb3EHiGgBiCEEZyXK87%2B6sVDVsHEfHly9ciq5fgMhxbZramjBwCZI9AwCV4mCTWQmQPBPXWVF4h%2B9EhWARjDC%2BJX%2FHlVq6KQavCVXBOvtPgFy1Vhq%2FH77x9Zlr1IFzyuow%3D%3D&nvMid=29030367587&catId=50001519
Apple 아이폰 13 미니 512GB [자급제],"1,292,000원",https://cr.shopping.naver.com/adcr.nhn?x=B%2BTh14%2Buny3GkmCNvXvCYf%2F%2F%2Fw%3D%3Ds6BNUdlfYJAzrNJznk%2FuhbaMQMxK7lfhq4UybHUry2FAbsBKbbjTB%2BBCjsLv6tz%2BjN0Afr9iiEFXCndmNwV8chToNNoGzlexo1JmrefoeMm29ZPKk1OpVFn94TkhbFILOmhhV339A3zP0YdhZz3BfZUgAn8lD2%2BxrgblrBqYwPdWug%2B9sjA7rHdeMLkY%2BwIMUq27XJlSixqK%2BeCw1YH8CQTQZD6UDT51Dg8nNb9lI8fV%2BFLPJmN7kd5F0maTGsL0cuOJt%2FomtfcEwwxKL9zH1zEaSjWMTC%2BB55lqwZCq6JQjL%2Fowdnq7%2Fmfq67OVRzok0S5SJNLgIdS1XFCtZ5GETGI8a69E0Nq2fhL1GCsFhJKvLumCVvVD7tKKzl0dHcTACDG4evy%2BM13j64UYOnhTyGeYipIg4GgIIEEx2vgG55OR6K503jBTFiO%2BslOwbxo4OpOVXrumE0IYWoVbuYGHPlV4nVlpZlOp63ers57eQ7rdWfyGhvOKhC5sogwlOWguqhOBUHb0ZqO6MTkr8MsJnIbm93U%2FLd21hbDHZ%2FkgN%2BYlSVfDDs8RIdcO1Vp%2Bk6BC8EaThcwm2jOjlPe7qD4n46%2FKsNRoOXiwCptOeMPY1ovWGORBvpuHRXw3qMnSlevkegqgOvq6z5EpEI5N2xav1Mg%3D%3D&nvMid=29030296587&catId=50001519
Apple 아이폰 13 프로 맥스 512GB [자급제],"1,767,000원",https://cr.shopping.naver.com/adcr.nhn?x=EorRxeBoKP1n63dvVEpIvP%2F%2F%2Fw%3D%3Dsb9cx%2BwNMbyMFcs%2BynJOIPSrl%2Bj5q2ACwx8MYynIn4c9hJz9H0Ub4KLvuVTVtNMxMgGV7AoIcyfNSyzsvlWa13F6bw3bUmUv0m1B3AFbI2maWrPvdsDK5MuKdrS6%2B3lKgTJ5OyLd3ePYdorppuGxrVMi30QtKP1mA7BYZPpxeJLexWvZfe2todmJfmpbNrXnqmD3tRrdK1cFWEMxpF2wcAbix7jXt7MNVc9AIu4EfDZlNEwRr%2B3STfYHGn%2FB5b3e4WeP5BlKuIhJ%2BwNMXDybD7PafPBYdnYESxw4qXCWWF09VXemfpmeX70wC2wQT5nyi5pxiwDZPU40LYzhHX%2FcRv7r8ik0Z2nG4Zp8xpBX9WRshIW%2Fufm4Ai1g%2Bbn5o8FWgvX82Y5Ils9cLeBDu1LyZB7Ix0YmQDjwu%2B6ceCS7nAOGgIX25kXOk%2FUPdTKqFSCOqDgcKWP7TrEwfWP0fV1BFewstxKXYfuaTY89uFKbdXCDH4SrsWpoFz%2BRKRpabrMWFmWXdAuntmcqbOFOk%2BQxKwTsYpWArfrP4OWQG6aF6IthyE%2BOOuOKgQnEwvXQZ3seWramjBwCZI9AwCV4mCTWQmcYXoH3jzIytwTISMTcW%2FdS%2FUQwu229ILxUOmclk4K20aGimR4pR27mrh1IoDTOSgA%3D%3D&nvMid=29029192586&catId=50001519
Apple 아이폰 13 프로 맥스 1TB [자급제],"2,018,100원",https://cr.shopping.naver.com/adcr.nhn?x=RCwiFUrz26aXNmAL3j0g2f%2F%2F%2Fw%3D%3Ds88yoFr1Zysj7772ol28EfgkuqmZwLEA1NJZBiFaAS5hhJz9H0Ub4KLvuVTVtNMxMFap0HhhqzzxdtnMr8bOJMF6bw3bUmUv0m1B3AFbI2maWrPvdsDK5MuKdrS6%2B3lKgTJ5OyLd3ePYdorppuGxrVMi30QtKP1mA7BYZPpxeJLexWvZfe2todmJfmpbNrXnqArgGaDBKbEfnwAwTC02FZ7ix7jXt7MNVc9AIu4EfDZlNEwRr%2B3STfYHGn%2FB5b3e4WeP5BlKuIhJ%2BwNMXDybD7PafPBYdnYESxw4qXCWWF09VXemfpmeX70wC2wQT5nyi5pxiwDZPU40LYzhHX%2FcRv0LxkC3ABrhep4Sj6DkhGbEhIW%2Fufm4Ai1g%2Bbn5o8FWgvX82Y5Ils9cLeBDu1LyZB3bUHNfZblfibjObOf5QHNigIX25kXOk%2FUPdTKqFSCOqDgcKWP7TrEwfWP0fV1BFewstxKXYfuaTY89uFKbdXCAngbNOOFnVRD%2B%2Bv4MVHpuoFFcURuJXcA9fpBODYEj4ujTaLVTowASY8dTSt1bXfvMsap9dktQHNes1Kfg2gb1SiA3%2FU2AzguC84AnoS7Lq%2BbGHYhD9l0lnoIADMAYk8I%2F1BkPjqsRVWNqcG%2FDvln3hhWw3%2BIByOa0jCVNQVnCDoA%3D%3D&nvMid=29029192590&catId=50001519
Apple 아이폰 13 미니 256GB [LG U+],"140,200원",https://cr.shopping.naver.com/adcr.nhn?x=7dLG94KQLisjvwV3Gmfq2P%2F%2F%2Fw%3D%3DsTJJu29GgCoLtyTEENVPnll%2FnBgSL6mKL6DzN2QH54kwbsBKbbjTB%2BBCjsLv6tz%2BjGfhKgD2GAQuG0tge2mxGigoZwAF3rJQVb6Dxzf1AfHe9ZPKk1OpVFn94TkhbFILOmhhV339A3zP0YdhZz3BfZUgAn8lD2%2BxrgblrBqYwPdWug%2B9sjA7rHdeMLkY%2BwIMUH9J2IBuyzX11BjOUDWY3GjQZD6UDT51Dg8nNb9lI8fV%2BFLPJmN7kd5F0maTGsL0cuOJt%2FomtfcEwwxKL9zH1zEaSjWMTC%2BB55lqwZCq6JQjL%2Fowdnq7%2Fmfq67OVRzok0S5SJNLgIdS1XFCtZ5GETGFW%2Ba0COzPm70vVFZ3SCEMs4%2FIDfbH%2FX8ayz0Y%2FnBVKRnuI%2B1Uju%2BRLjWLfBBmiitNtGoAKMgW3iGzEfYt9UdmtKI194O3yVGRkTAKu5NZTnpOVXrumE0IYWoVbuYGHPlV4nVlpZlOp63ers57eQ7rfKu8lNHMUv5FO70BFiZvG%2BXGfKYExq7uG4FGIUYcPNsak%2B9le%2BRDhEbeC9%2FY0iWl7LLpnheEdgS%2Btp2lnENCNnezdPirNIEhU3YcDKwV2g5DRkv7r8%2FTMxpKczYzQOLb1vU2Y6hEEwGxc1AZfON9sL4VRAH%2BsMDObarUodGweR8Q%3D%3D&nvMid=29030376589&catId=50000248
Apple 아이폰 13 프로 1TB [자급제],"1,900,000원",https://cr.shopping.naver.com/adcr.nhn?x=qDOFVwdyxqQoSfzX6c0APP%2F%2F%2Fw%3D%3DsgFq4j72LsIJXxViQv7rZteFspVPYqX0t88YZymX8XhRhJz9H0Ub4KLvuVTVtNMxMmAPVHmDKD%2Ffea%2Fk8Fvis716bw3bUmUv0m1B3AFbI2maWrPvdsDK5MuKdrS6%2B3lKgTJ5OyLd3ePYdorppuGxrVMi30QtKP1mA7BYZPpxeJLexWvZfe2todmJfmpbNrXnqM3WLqq0EN7lRPuVNhhc%2BTLix7jXt7MNVc9AIu4EfDZlNEwRr%2B3STfYHGn%2FB5b3e4WeP5BlKuIhJ%2BwNMXDybD7PafPBYdnYESxw4qXCWWF09VXemfpmeX70wC2wQT5nyi5pxiwDZPU40LYzhHX%2FcRv1%2FMV9RA%2BKIQ%2ByGSsbgGVaghIW%2Fufm4Ai1g%2Bbn5o8FWgvX82Y5Ils9cLeBDu1LyZByjZ%2F6Ij87DZw9nv%2FQ98kdCgIX25kXOk%2FUPdTKqFSCOqDgcKWP7TrEwfWP0fV1BFe4VbMzIyMAqoFnqnCl3vWSgPVL%2B%2Frl5PLPXtI0kaP8PkmKdeEMdUbtmzDI4Aa7HQcXwo4J%2BT6pYrLp6hEYPw6iuKNj6xJ5vH7QAOq%2FGBR6UWezdPirNIEhU3YcDKwV2g5Euqs%2BMGpieMPhtsc%2Bt%2FtrgDfkLIyuldBS3f8m8e6nLmzUhNzs2VE%2B%2Bisqs3JAEppg%3D%3D&nvMid=29029192588&catId=50001519
Apple 아이폰 13 프로 128GB [LG U+],"632,000원",https://cr.shopping.naver.com/adcr.nhn?x=isMoAdvoEhjJRe6gEghBt%2F%2F%2F%2Fw%3D%3DsAy5w%2F1rcqinb%2BTD9XJUz1rH6wNvK8xjiE%2BQHjO%2Bidj9hJz9H0Ub4KLvuVTVtNMxMOyRxC3TUUsY89uYqGXrUQ16bw3bUmUv0m1B3AFbI2maWrPvdsDK5MuKdrS6%2B3lKgTJ5OyLd3ePYdorppuGxrVMi30QtKP1mA7BYZPpxeJLexWvZfe2todmJfmpbNrXnqg7gKiQG8MTIItSW%2BDJaVQrix7jXt7MNVc9AIu4EfDZlNEwRr%2B3STfYHGn%2FB5b3e4WeP5BlKuIhJ%2BwNMXDybD7PafPBYdnYESxw4qXCWWF09VXemfpmeX70wC2wQT5nyi5pxiwDZPU40LYzhHX%2FcRvxDTDYt2KtOeetquhKp%2BJHwhIW%2Fufm4Ai1g%2Bbn5o8FWg5HUJqI12Vlp80UoFc6QYeGqwAEIFjnVr2bGfG3X03g6gIX25kXOk%2FUPdTKqFSCOqDgcKWP7TrEwfWP0fV1BFe877wGwnVTDFn6xYgOX8vvsEiaNfJtI8%2BWxAc1EGc8qsV5wvSck0MfgYLl2aZJDmmkC3IgRhnFuMRSr7Nrm%2BWajDamim%2BTkfHK2Nuua%2BC5jEZq5ieQIRcSos8l9CjsJM6puu57NDG9eKF%2B5%2B0zagnYxXc50eBITwugSNPH3Ok09sVpGw61BSdoQRvEGgfFlc5w%3D%3D&nvMid=29030175590&catId=50000248
Apple 아이폰 13 512GB [자급제],"1,329,000원",https://cr.shopping.naver.com/adcr.nhn?x=%2B6v8Giwp%2FuibBIt5NziRfP%2F%2F%2Fw%3D%3DstJGI5Ht1QSJhKYwxV9Q07n73aPROpL6lS%2FZYEFe7dkcbsBKbbjTB%2BBCjsLv6tz%2BjNA%2BQqHy8Z05h%2BgXjUx1oWZTpPqKZO3XbkmwHSSkvDUe9ZPKk1OpVFn94TkhbFILOmhhV339A3zP0YdhZz3BfZUgAn8lD2%2BxrgblrBqYwPdWug%2B9sjA7rHdeMLkY%2BwIMUMitlUrK3fytmuS7rXutm0DQZD6UDT51Dg8nNb9lI8fV%2BFLPJmN7kd5F0maTGsL0cuOJt%2FomtfcEwwxKL9zH1zEaSjWMTC%2BB55lqwZCq6JQjL%2Fowdnq7%2Fmfq67OVRzok0S5SJNLgIdS1XFCtZ5GETGGdu6jUFsjqKA%2FsXZJKbAvVG6nhMDZr%2Bwdrrd763w%2B0pDG4evy%2BM13j64UYOnhTyGQiyMS50HH1zP4CriMRlyVIGVJjQOIMS03m13YAnzFDQpOVXrumE0IYWoVbuYGHPlSGgI4zFgG5Liqop01AWGezlE80KNwbfNxekQsGJejRksTXhzeKkynwlV5iG42bUw08sc606ZEwvQ8vwtWnOt3cHaR8JROhhJdL3IweMlrCD20Duw%2Bj0%2BlH1B5IcgnFCHAN4s6%2Ff6gH%2FpKBAHsdhpudXc50eBITwugSNPH3Ok09sVpGw61BSdoQRvEGgfFlc5w%3D%3D&nvMid=29030496586&catId=50001519
Apple 아이폰 13 미니 128GB [LG U+],1원,https://cr.shopping.naver.com/adcr.nhn?x=r4x%2FLGIS1YytXmMsmtA5Z%2F%2F%2F%2Fw%3D%3Ds6Ym4k%2Bujt617pXaX%2BlA%2BpgbM58ZqRJSzeD3hTFhjLhxWQE1WikGGRjsm7ORTamZ7HJZILvx8lg9vwKmvF%2BHrUl%2FtGZJcw5pDwEd3Z8Ej9MPZfYPdSDh10TsQY7EMWRFkZKPgSmjrvB0rfMiooODL9kPg%2F6PYJW9LpCSumzPJoiiI9aZyW4hhCgmcrsQhWGWGJotMI0cao4vCmnMLYrRgWPKAXVfyDB1yTbVYYpYzcFnUHxlEatbmVq7jmztE%2FywsUmOBpoAcTGTPZZzgtbQFCzPDpGIrabitp2up06DaRfi54J8UO7LDGXdPU9Do8oyMXmq0wb8nQ9S1CNyVqQgAyEcFIJL%2BS8ZAKf5JNsc%2F2%2BVqLzcRVswO%2FNXTrA15l4GNYd6P7bKnf6IN9iERvhRLC20dDnOIfR1s4DQoYd1bS26cPfwzF9ktWcxdrcTtO8KUh7eRXhvx%2B18MP%2FzLgC0qJUfTmu80PPs%2FMBPhnIzy5qsHyKwMIinsXLRIwPAEQA4X2UjohpK7sZyY83SOIj%2FwoFBQUyBp0wYHCUrmTra4onkRpOFzCbaM6OU97uoPifjrJPRj6nfrCxBX8mRtddBrwNEsWQAEnCTu1NkZAozfG4WCqA6%2BrrPkSkQjk3bFq%2FUy&nvMid=29030431586&catId=50000248
Apple 아이폰 13 프로 256GB [LG U+],"761,800원",https://cr.shopping.naver.com/adcr.nhn?x=4t6TNWPHWZxtb7BfyIgQtP%2F%2F%2Fw%3D%3DsY1SlZoIZaiMdHwTWdgWckd0XqIuRjYHucEOMUdsO7xphJz9H0Ub4KLvuVTVtNMxM5uYOkKArHJ%2BBpUZJoLu5bF6bw3bUmUv0m1B3AFbI2maWrPvdsDK5MuKdrS6%2B3lKgTJ5OyLd3ePYdorppuGxrVMi30QtKP1mA7BYZPpxeJLexWvZfe2todmJfmpbNrXnqiHryMIa0vOlFa0dwxiKn27ix7jXt7MNVc9AIu4EfDZlNEwRr%2B3STfYHGn%2FB5b3e4WeP5BlKuIhJ%2BwNMXDybD7PafPBYdnYESxw4qXCWWF09VXemfpmeX70wC2wQT5nyi5pxiwDZPU40LYzhHX%2FcRvyK981tOe0U0q1D2gOEtUAAhIW%2Fufm4Ai1g%2Bbn5o8FWg5HUJqI12Vlp80UoFc6QYeGEOUi5kYjmk9cQnu56B%2Fu6gIX25kXOk%2FUPdTKqFSCOqDgcKWP7TrEwfWP0fV1BFe6kejIh2uruhzM%2FsWRISN2UEiaNfJtI8%2BWxAc1EGc8qsV5wvSck0MfgYLl2aZJDmmkms4JYt2l3SO2AzNInAWBDesXRSG9V%2FghLcRXrPa6hPaQCtKIYcD6bdISY3IaiE2AMVH1GUvJbFCnqRmxo5kNhXc50eBITwugSNPH3Ok09sVpGw61BSdoQRvEGgfFlc5w%3D%3D&nvMid=29030415586&catId=50000248
Apple 아이폰 13 128GB [LG U+],"389,000원",https://cr.shopping.naver.com/adcr.nhn?x=cgP5QkyQcxc7u0IwGgyBdv%2F%2F%2Fw%3D%3DsmvWHRsENKKtIzTgVKgexkZbBGmAFwLkfPXwtduFGgnFWQE1WikGGRjsm7ORTamZ76Z0%2FhbJsSkXRuOoUIIU%2FSV%2FtGZJcw5pDwEd3Z8Ej9MPZfYPdSDh10TsQY7EMWRFkZKPgSmjrvB0rfMiooODL9kPg%2F6PYJW9LpCSumzPJoiiI9aZyW4hhCgmcrsQhWGWGwosKqTnb%2BAqxbJsu%2BamdqfKAXVfyDB1yTbVYYpYzcFnUHxlEatbmVq7jmztE%2FywsUmOBpoAcTGTPZZzgtbQFCzPDpGIrabitp2up06DaRfi54J8UO7LDGXdPU9Do8oyMXmq0wb8nQ9S1CNyVqQgAyNIO6qNzWzzCjoge%2B9eZZ5NqLzcRVswO%2FNXTrA15l4GNYd6P7bKnf6IN9iERvhRLC%2B1%2BegWRMkn%2FU8kc%2FUgriKecPfwzF9ktWcxdrcTtO8KUh7eRXhvx%2B18MP%2FzLgC0qJVMHs527vJHdFHIIKW%2Bc742jriJ8H0NV5nx9%2BVr0aUV2SYMM9uRdBnQAiewpLktug2POdoLWKgdA51KI2JjmRRWOv%2B%2BG7P8zZs54SDuTec41neRw8taPR4cqUFktGRjZ3vKalATZrXeY5u5tiFLbFNlB0CIl3BeKsFF2drF%2B%2BsFv&nvMid=29030372586&catId=50000248
Apple 아이폰 13 미니 512GB [LG U+],"417,800원",https://cr.shopping.naver.com/adcr.nhn?x=5nOBrVZ1L7bQYp%2FjUam6Fv%2F%2F%2Fw%3D%3DsU194R%2FwyVzS1gFDv583WTPsjaL5oJSTLexT2TiprBcobsBKbbjTB%2BBCjsLv6tz%2BjFx4QmvGkknLDZpe2W2tuR6NwQgZgnusTWaDAYG1Coha9ZPKk1OpVFn94TkhbFILOmhhV339A3zP0YdhZz3BfZUgAn8lD2%2BxrgblrBqYwPdWug%2B9sjA7rHdeMLkY%2BwIMUYN6xeMDoEaAupbc0zTGDWzQZD6UDT51Dg8nNb9lI8fV%2BFLPJmN7kd5F0maTGsL0cuOJt%2FomtfcEwwxKL9zH1zEaSjWMTC%2BB55lqwZCq6JQjL%2Fowdnq7%2Fmfq67OVRzok0S5SJNLgIdS1XFCtZ5GETGPucsPuX0inCoAG5Co0zgNi5SR9atBBjimnLdTBnDGMSnuI%2B1Uju%2BRLjWLfBBmiitL92wdCev2p%2BPJeUdf%2FrdJwGVJjQOIMS03m13YAnzFDQpOVXrumE0IYWoVbuYGHPlV4nVlpZlOp63ers57eQ7rdBQx2J0IovtSa9qv9oplPOXGfKYExq7uG4FGIUYcPNsde4hS0%2FZ%2F1PF%2BkS0nEzUYzgAlAOJIlrAKI5iXgxIrRQj%2FaM5nVf1rOXk0fVU4woW5PWV%2Bwxo54yuP34%2BZrJOkZvU2Y6hEEwGxc1AZfON9sL4VRAH%2BsMDObarUodGweR8Q%3D%3D&nvMid=29030419586&catId=50000248
Apple 아이폰 13 프로 맥스 256GB [LG U+],"959,600원",https://cr.shopping.naver.com/adcr.nhn?x=%2B57YuMyL0vGLXGEpxALqH%2F%2F%2F%2Fw%3D%3DsjiGd3D%2BKl9N2Qc4FYj4Ap2ZpOnLDo2NeO1%2FuWSUUTUMbsBKbbjTB%2BBCjsLv6tz%2BjMUduqZFmwpotA9NYDZlqEubN9aaH6ePMyrqnAD2ybyK9ZPKk1OpVFn94TkhbFILOmhhV339A3zP0YdhZz3BfZUgAn8lD2%2BxrgblrBqYwPdWug%2B9sjA7rHdeMLkY%2BwIMU0nYCIitiLlu%2FFmiEv68MvzQZD6UDT51Dg8nNb9lI8fV%2BFLPJmN7kd5F0maTGsL0cuOJt%2FomtfcEwwxKL9zH1zEaSjWMTC%2BB55lqwZCq6JQjL%2Fowdnq7%2Fmfq67OVRzok0S5SJNLgIdS1XFCtZ5GETGGACsRVqW9BJ4cZuIcRiOccazr5Q3x9pOdjfOLR6qN48nuI%2B1Uju%2BRLjWLfBBmiitC7DwhzaADBIgYyz73ApyNUGVJjQOIMS03m13YAnzFDQpOVXrumE0IYWoVbuYGHPlT4OngYKgyg9ZO2oWjkSR%2Brj2QpgSv5B1RXu5oYW4Au7Dk5yE3l1CIhgE97RznNBm0yqOQp5S6zvj2nGzC%2BV8RGeTgG6i02lxQfhICFWK5J9iA3%2FU2AzguC84AnoS7Lq%2BU1rp77AmzvRdzhUSPT7SNH6y0Cy3Dll9468fhhsCPNLhWw3%2BIByOa0jCVNQVnCDoA%3D%3D&nvMid=29030190586&catId=50000248
Apple 아이폰 13 프로 512GB [LG U+],"1,097,400원",https://cr.shopping.naver.com/adcr.nhn?x=Rw6l2rcHtFisPCwDZ3l6qP%2F%2F%2Fw%3D%3DsG87N82HnTnxWRVKV86IRG8gHVSN6BX05zAcuETeYbRthJz9H0Ub4KLvuVTVtNMxMf%2FPO355qaovrLWQK1McNsV6bw3bUmUv0m1B3AFbI2maWrPvdsDK5MuKdrS6%2B3lKgTJ5OyLd3ePYdorppuGxrVMi30QtKP1mA7BYZPpxeJLexWvZfe2todmJfmpbNrXnqIsGCGgJXjOrApw75v82D8rix7jXt7MNVc9AIu4EfDZlNEwRr%2B3STfYHGn%2FB5b3e4WeP5BlKuIhJ%2BwNMXDybD7PafPBYdnYESxw4qXCWWF09VXemfpmeX70wC2wQT5nyi5pxiwDZPU40LYzhHX%2FcRv5OTc7V3KPVGp5p7NvkvMtshIW%2Fufm4Ai1g%2Bbn5o8FWg5HUJqI12Vlp80UoFc6QYeK8W7ac4MQ777vBveMTe%2BcqgIX25kXOk%2FUPdTKqFSCOqDgcKWP7TrEwfWP0fV1BFe9zC5Ok%2BGRIgi5WcssAqmuYEiaNfJtI8%2BWxAc1EGc8qsV5wvSck0MfgYLl2aZJDmmi0H4EnrBketNswoSG1CUqxa5jbl2rUsbq29%2BcAsETsKJwUiS%2BH%2FKvyoIlO3ylisDt6Nva0Qe8bxKGxzcyA5qLlWhZ3SMHTcLlpircdRzUgq1JIslBmdxaTx7xO1%2BPPoWw%3D%3D&nvMid=29030295586&catId=50000248
Apple 아이폰 13 프로 맥스 128GB [LG U+],"818,100원",https://cr.shopping.naver.com/adcr.nhn?x=kU1jR1slV7n810W4ltX%2FTP%2F%2F%2Fw%3D%3Ds%2FYRL5AhX6pFHdRczBa669rWcuYJA%2BT%2BdNzAMHJHWXIwbsBKbbjTB%2BBCjsLv6tz%2BjPBkwepmLGBFI72YuHZPrTYvjC2MiMjG2ipgaSNYVp2u9ZPKk1OpVFn94TkhbFILOmhhV339A3zP0YdhZz3BfZUgAn8lD2%2BxrgblrBqYwPdWug%2B9sjA7rHdeMLkY%2BwIMUD6bSGd4rwDk3qyUDgUSRJzQZD6UDT51Dg8nNb9lI8fV%2BFLPJmN7kd5F0maTGsL0cuOJt%2FomtfcEwwxKL9zH1zEaSjWMTC%2BB55lqwZCq6JQjL%2Fowdnq7%2Fmfq67OVRzok0S5SJNLgIdS1XFCtZ5GETGHmaKb8d6XYECeQyjuU4z4qY426XIyBogtnvkmhm6JkRnuI%2B1Uju%2BRLjWLfBBmiitLnwcme2OJvk8C4otOC%2B74gGVJjQOIMS03m13YAnzFDQpOVXrumE0IYWoVbuYGHPlT4OngYKgyg9ZO2oWjkSR%2Br1S%2FXNcbJbRcgGZaU66GaWDk5yE3l1CIhgE97RznNBm0yqOQp5S6zvj2nGzC%2BV8RHj5hDcdTWynK8dwARyzwTmiA3%2FU2AzguC84AnoS7Lq%2Bf1f2SiCrLaVOHLGDRBrl18reI7yCJjONA1vCT9h1FdrhWw3%2BIByOa0jCVNQVnCDoA%3D%3D&nvMid=29030352586&catId=50000248
Apple 아이폰 13 256GB [LG U+],"502,000원",https://cr.shopping.naver.com/adcr.nhn?x=EvsH9v2mfC3wiBMtDC37Tv%2F%2F%2Fw%3D%3DsoQzj9zUst%2B9WajT6F7HHTU7u%2FyvnkSqknLcfFQnqEUcbsBKbbjTB%2BBCjsLv6tz%2BjkyJbL3YJdUoRLELpwXRMmutmxPfk9FqADB2eUR%2FkI8C9ZPKk1OpVFn94TkhbFILOmhhV339A3zP0YdhZz3BfZUgAn8lD2%2BxrgblrBqYwPdWug%2B9sjA7rHdeMLkY%2BwIMUOYQbPHRk7gx3HlPTUxI7DDQZD6UDT51Dg8nNb9lI8fV%2BFLPJmN7kd5F0maTGsL0cuOJt%2FomtfcEwwxKL9zH1zEaSjWMTC%2BB55lqwZCq6JQjL%2Fowdnq7%2Fmfq67OVRzok0S5SJNLgIdS1XFCtZ5GETGKfd9kJIc2oXfanZ5tr7%2FMw392hodERIV8lDegSHYRmlnuI%2B1Uju%2BRLjWLfBBmiitLmyZeSqqBHMFkutnkb8hqDdcKGS8K3v9HOi3wvF0LzmpOVXrumE0IYWoVbuYGHPlfGaapYga7HBhJBzvlCStfgZyVXP8MBx51PcdtMFtsvBK2ud1b%2BfZwYPU0n%2BzLfOdUGzmd%2BGSX6rv%2Ff2sUsZc6qtqaMHAJkj0DAJXiYJNZCZnekDnZNGRJyFus6YjXMTFJU4A4oHramPrV%2BQon5jR%2B5oaKZHilHbuauHUigNM5KA&nvMid=29030189588&catId=50000248
Apple 아이폰 13 프로 맥스 512GB [LG U+],"1,321,000원",https://cr.shopping.naver.com/adcr.nhn?x=Pt2BT3ITefnhhU9fk19fjf%2F%2F%2Fw%3D%3Dsa%2FRnXUGeKbLpb3kFmdNvi3pLUEzh6S0CaoBb2MQTAmthJz9H0Ub4KLvuVTVtNMxMTRpr6bmbjUBYbr2Qi93Zgl6bw3bUmUv0m1B3AFbI2maWrPvdsDK5MuKdrS6%2B3lKgTJ5OyLd3ePYdorppuGxrVMi30QtKP1mA7BYZPpxeJLexWvZfe2todmJfmpbNrXnqC8G1K0WqC%2BMx%2Bsb%2BJ3EYX7ix7jXt7MNVc9AIu4EfDZlNEwRr%2B3STfYHGn%2FB5b3e4WeP5BlKuIhJ%2BwNMXDybD7PafPBYdnYESxw4qXCWWF09VXemfpmeX70wC2wQT5nyi5pxiwDZPU40LYzhHX%2FcRv8DYrSHVoHKsw95ZNR%2FbaYAhIW%2Fufm4Ai1g%2Bbn5o8FWg5HUJqI12Vlp80UoFc6QYeNpc0SAXhor%2B1NVF30UAV3igIX25kXOk%2FUPdTKqFSCOqDgcKWP7TrEwfWP0fV1BFewstxKXYfuaTY89uFKbdXCBM2%2BNk8Z0%2Fb2S7YotWFg8PhOBUHb0ZqO6MTkr8MsJnIRt%2F8fhw9EkKOk7Vg%2F4lkeYU%2FQO35UDTTr4%2BPproy0IZEaThcwm2jOjlPe7qD4n46%2BOhw0uIEfc10wg4Mxq1g3MLyIGlWvQj6zV11t9XXDR8gqgOvq6z5EpEI5N2xav1Mg%3D%3D&nvMid=29030181590&catId=50000248
Apple 아이폰 13 512GB [LG U+],"839,000원",https://cr.shopping.naver.com/adcr.nhn?x=qHGzA%2FS9CNfrdmxCsS1A2P%2F%2F%2Fw%3D%3Dsw1vO6661MK%2B8tS0ZFFoYnBeddPDX%2BffhqEiSGmmvRp9hJz9H0Ub4KLvuVTVtNMxM0GHH0bNy815PQ987sxllA16bw3bUmUv0m1B3AFbI2maWrPvdsDK5MuKdrS6%2B3lKgTJ5OyLd3ePYdorppuGxrVMi30QtKP1mA7BYZPpxeJLexWvZfe2todmJfmpbNrXnqJg934XoEkbAciqCMIan0C7ix7jXt7MNVc9AIu4EfDZlNEwRr%2B3STfYHGn%2FB5b3e4WeP5BlKuIhJ%2BwNMXDybD7PafPBYdnYESxw4qXCWWF09VXemfpmeX70wC2wQT5nyi5pxiwDZPU40LYzhHX%2FcRv4nNk9CT9SXgJXr9eAwJdoohIW%2Fufm4Ai1g%2Bbn5o8FWg5HUJqI12Vlp80UoFc6QYeOkNyZCcbPQt8tppHbI3EeWgIX25kXOk%2FUPdTKqFSCOqDgcKWP7TrEwfWP0fV1BFex1TjIhUTeCndeTU5sxAXtSaU9qNqKx0Qc11MwuBOlFm2qRqqkmRjzDmmzADhw5%2BZx1DT8w%2FodsEAD6SDgI%2FpjRicchwRNwmJ84TyxvjggzFE54Te47kThYDIy%2FDei9PK4K4sa%2Bi65480NFJO1FlSKMOEsHC78VBLnFZh%2FnDobeN&nvMid=29030296586&catId=50000248
Apple 아이폰 13 프로 1TB [LG U+],"1,426,200원",https://cr.shopping.naver.com/adcr.nhn?x=g1R68Lv%2FgoQ19ZY7%2BplU7f%2F%2F%2Fw%3D%3Ds288xqeGKlIOu8C7ZcinkCd2rRxdy7Aq%2FO6DoF%2BlP7e9WQE1WikGGRjsm7ORTamZ79D8eQLP%2BorXHH0%2BhGb1tVV%2FtGZJcw5pDwEd3Z8Ej9MPZfYPdSDh10TsQY7EMWRFkZKPgSmjrvB0rfMiooODL9kPg%2F6PYJW9LpCSumzPJoiiI9aZyW4hhCgmcrsQhWGWGSTPU5ABzv3XWI4RtHnUCp%2FKAXVfyDB1yTbVYYpYzcFnUHxlEatbmVq7jmztE%2FywsUmOBpoAcTGTPZZzgtbQFCzPDpGIrabitp2up06DaRfi54J8UO7LDGXdPU9Do8oyMXmq0wb8nQ9S1CNyVqQgAyOI5o7e6Orepoy2TaXenPgpqLzcRVswO%2FNXTrA15l4GNYd6P7bKnf6IN9iERvhRLC9sUX76dSdo1OkbacppkZEWcPfwzF9ktWcxdrcTtO8KUh7eRXhvx%2B18MP%2FzLgC0qJW0RgKJvckmX%2B42Q7I%2ByApb5YbLlxragaaIQX6kJDBj8D6QkZjCZcMNTR4jeTmX45Xdz6Z1E6UqeYps4AB94adatqaMHAJkj0DAJXiYJNZCZuzXts3DCgq06yjCi%2F5ZLLSedk8ZU74UCnIfwZZh9VJdoaKZHilHbuauHUigNM5KA&nvMid=29030294586&catId=50000248
Apple 아이폰 13 프로 맥스 1TB [LG U+],"1,580,200원",https://cr.shopping.naver.com/adcr.nhn?x=k1%2B2OWjTPU36%2B1xQzn75rv%2F%2F%2Fw%3D%3Ds37LWWPDAEm31LbaqRMNV%2F1nTykhQN4uK31X%2FjZ%2B%2BFf8bsBKbbjTB%2BBCjsLv6tz%2BjooaNwAqEE9onJm3oLFoSFtTYLwsXSYAmSUHXays3sIC9ZPKk1OpVFn94TkhbFILOmhhV339A3zP0YdhZz3BfZUgAn8lD2%2BxrgblrBqYwPdWug%2B9sjA7rHdeMLkY%2BwIMUv%2FiyLKIYZJmYdqtV06rV7DQZD6UDT51Dg8nNb9lI8fV%2BFLPJmN7kd5F0maTGsL0cuOJt%2FomtfcEwwxKL9zH1zEaSjWMTC%2BB55lqwZCq6JQjL%2Fowdnq7%2Fmfq67OVRzok0S5SJNLgIdS1XFCtZ5GETGIXovkz7zkxJpCcQUOVbuM2%2BrYjj1rljEAxvTi5bvWsbnuI%2B1Uju%2BRLjWLfBBmiitLy9VXoFixJ1kHnvUte9QY96K503jBTFiO%2BslOwbxo4OpOVXrumE0IYWoVbuYGHPlT4OngYKgyg9ZO2oWjkSR%2BpfZ5NSLzQ16v7Ns2qbx0o0ocw36emOWauNlqG7SEpRs0sZ%2FFof9Fvo4Q%2B9cWSMUxUITTUpRhLSdv1yUzHFV%2FuPYnHIcETcJifOE8sb44IMxWjwij6SOg9YtUsQRzX7uDrNsfO5QyO22tX63%2BVapIVlDhLBwu%2FFQS5xWYf5w6G3jQ%3D%3D&nvMid=29030181587&catId=50000248
Apple 아이폰 13 mini 자급제 128GB 핑크,"893,000원",https://cr.shopping.naver.com/adcr.nhn?x=hbTSPjAEcU4LZllGUy6XyP%2F%2F%2Fw%3D%3Dsukwjm22lj4mKZzNC%2BEyvCthzwqStXkOnb3nJ63SDcR9WQE1WikGGRjsm7ORTamZ7G0oA1jLIgpICYDrm5d2xN1%2FtGZJcw5pDwEd3Z8Ej9MPZfYPdSDh10TsQY7EMWRFkk%2FHVlf3pZ06Msjp6annokHzmYN%2Fcvl75AGnByk2TjWEm5OY6%2FBA05LWPXaqTF3xXnI3Q%2FuFm111yFJnQ1iq5BxkZ7hw%2FtxVhT2jrdwZs57wJPQD%2BGLQoIkQRnNz4Vp4jGT%2BYqGKfXlxPjCrZN8GTgpBP%2FX5SqWs%2BXBdSekP8W2lXs52SV3%2FK7VkDbTEdpxw3WDuAJuqZbGlx0juudI9chT9rXyqENDUD8omnd%2BAEOivf3Vb8LXDlJWzaxi1N0VJ6%2BBVb0vGWDvBOQhkBW%2BtGs8wbTEAr1wVvO2n0AgOB91JsXg5lUvZD9zC7Fi9WJJOHwI7aLh18bGEsET2u%2Bvz9Z9SXUxvoKYPFHUCS1w8lsqfnyjVFbRvWzRWGN2ItEJk284vUe2zaaQa9PRewQG0oUky7qMyTrnqyhW09X6J0SjofksuHl5HZ5LZhnvs9wZ4v5BgZWAksXInse4a7x8ypqbk9yx2LE4ozzid%2FD5TsgrpJE1WGyJPlOaTEzn4%2BfnsH8uXwIxc4X7xDwPwVVrxFfm9TZjqEQTAbFzUBl8432wvhVEAf6wwM5tqtSh0bB5Hx&nvMid=29619937553&catId=50001519
APLLE 아이폰13 미니 128GB 미개통 미개봉 새상품,"725,690원",https://cr.shopping.naver.com/adcr.nhn?x=qaQcbb3GABaG%2Fo3L0UnoQ%2F%2F%2F%2Fw%3D%3DsaFvJ%2FxeNY2p88GAgAoIrHoZLvhj1cOAeAYC3UumnSn9hJz9H0Ub4KLvuVTVtNMxMiZ5Un3c%2BZdSdkWW4uBnSkl6bw3bUmUv0m1B3AFbI2maWrPvdsDK5MuKdrS6%2B3lKgis9rd2PWvIzq0nKrkhdphe0JZ4vKXq2xVuFay0gNbwiO%2FsdgQE5FIA0Tw1QMogpF2%2BMoVCCsVKy2QhO%2Forh%2FzejbkKjGoc08jvmzOp6ZUI9HFWClYg7dx3NzX7JHEjy%2BWDuAJuqZbGlx0juudI9chT9rXyqENDUD8omnd%2BAEOivf3Vb8LXDlJWzaxi1N0VJ63QkoZbsGi9mQP%2BpXlTfDwF2tT2AG9M5jxdXEaCkbHF0xYFp37rSBc68UJDTFWoWi94RwXjHaF%2BN7xGuHjB8tZYLTMvLed%2F4hK0RrW%2FSgkAQ7xbbH7oY5TjiGNj4vbVukznQOCQmQQl29et65ZxXkRp1f97U2jd6OPtEX73hNNJzm3eyD8FXR%2FU4cyJZmmw%2F318iA6nwwZgR6FG81igzCRPAxJTScmZEAMx2kXg0mKf%2FZlVYLDEJpnI8cF6CMPSIWrcTBJud%2F8yzUpHC0ubJWt5HgatI%2Fm8LFPGY6bNnfbLiFbDf4gHI5rSMJU1BWcIOg&nvMid=29003990842&catId=50001519
Apple 아이폰 13 자급제 핑크 256GB,"1,149,830원",https://cr.shopping.naver.com/adcr.nhn?x=yWghnkCdkCDaTpdeuhoMbf%2F%2F%2Fw%3D%3DsktJXkomAUWAClkiYSGGp0mKsb7dQEdhTJ7UilspDYIdhJz9H0Ub4KLvuVTVtNMxMwZ1iV0Mw5oxBTZg5VRQNc16bw3bUmUv0m1B3AFbI2maWrPvdsDK5MuKdrS6%2B3lKgTJ5OyLd3ePYdorppuGxrVG3JzeXxkSdTecfUR4%2FvRQjd%2BKwjnmE8nmku4yNhWgwhmfLAARyRl0caaiEG3Q2bqyz6dcaQz9e%2ByYAHgK2%2BPMoTb0YFv5s1A1QcMmek9kATDL5S2pzgq17msx2gBlP5xqK5uUEs%2BqMGnIyvfnClDLD4esN3EEA%2FNKTZ4uuprz%2B%2BdtDFoHGHlXMyT9H6ai%2BkMIBsJjzV%2F3vl5Lmd9HbkUGI%2FzdYC%2FwYAihDQzAs9Z5v9BvTsfX8dbuS4Kxpj56EdAz2M3mI0cjzy%2FkCMStsf8pC9fzZjkiWz1wt4EO7UvJkHn3VnMtw%2Ft8n%2F3SP6DRdVGEtB7vhOx0nxSI7ZizhQJ8uN4%2FbarDGulZ7nI%2BlTukuYERQ4HJymDFzu0Ix%2B2IozDXQC3jyPeLgmAFojS1%2FkPsQPTwQXW8IQSfKE4NwvCw7qEdrQqzd5jwdgVNKIS2MmkuYQsU7TtARBhTKL6TvT1FNuqEwVLh6nhSCZFWJXGPRpNYABSYPe9fWSvBXlswxcwVaFndIwdNwuWmKtx1HNSCrUkiyUGZ3FpPHvE7X48%2Bhb&nvMid=29064755783&catId=50001519
아이폰 Apple 아이폰13 미니 128GB 구매가 24만원,"246,000원",https://cr.shopping.naver.com/adcr.nhn?x=CkP1QJK%2BILl6suIh4Hl2Uv%2F%2F%2Fw%3D%3DsRM8YYS7A75woL8wU85xeEWarLrb%2ByPtDau%2Bd3sRqoPVWQE1WikGGRjsm7ORTamZ7USYtS25Fb%2FGrzo7JBroZxF%2FtGZJcw5pDwEd3Z8Ej9MPZfYPdSDh10TsQY7EMWRFkpDeVZO31QgUkhj7kpB5P7ZxspcflZYjogUa%2BtzON8Ln2UH1RiEW6vY1FWnWOVWrQ84EcMY1WiED3LO8B9%2FwPkW3wWWX1EL2y6EuKcbm%2FiX5Gko1jEwvgeeZasGQquiUIy%2F6MHZ6u%2F5n6uuzlUc6JNEuUiTS4CHUtVxQrWeRhExj8esdY92Yz%2BIFAMen6qCEVG0c22Y%2FUvyJMf9YRjJFJxP9F%2FIBQQYa%2Bq5505OTatqyrNzBc5X%2Bx00jPtnU%2FNcT%2FSGvyA3Mo4deUUDeSDOc2k3%2F2f3u%2F4lsX4mEsCTXmoWs7xbbH7oY5TjiGNj4vbVukgJQDEiSnTZ5mE8mcSmczKLca7yxnnmK8Z%2BH2XrkA9Nqx34InktBqlmO3wO8sEx4Lw6F3%2FSX7OR29A%2B2WhtN07S6CIOHlLyf7tFzQx427OB0SyoNK5W62WIKzus1S7VMUujUs3a3vcAd0MPYgJyD4meR79U%2F6Az3gE9mQ%2Flgn57E%3D&nvMid=29860284145&catId=50001519
Apple 아이폰 13 자급제 블루 128GB,"1,024,600원",https://cr.shopping.naver.com/adcr.nhn?x=AB0sCNvZCx%2FAvFUkpfmanP%2F%2F%2Fw%3D%3Ds7VgOif8TAHzag3jeB78YY6gj5cecMjrTc3JMXUyJ%2BIdhJz9H0Ub4KLvuVTVtNMxM5trsbTqVOofR0W84JNGfO16bw3bUmUv0m1B3AFbI2maWrPvdsDK5MuKdrS6%2B3lKgTJ5OyLd3ePYdorppuGxrVG3JzeXxkSdTecfUR4%2FvRQjd%2BKwjnmE8nmku4yNhWgwhmfLAARyRl0caaiEG3Q2bqyz6dcaQz9e%2ByYAHgK2%2BPMo47rUI1KGNvNa3fmjQmhl5bSfgMmFF7VTwhVMNFNU0PaK5uUEs%2BqMGnIyvfnClDLBJJyGIIqFMOtvPQbW3gfc1dtDFoHGHlXMyT9H6ai%2BkMIBsJjzV%2F3vl5Lmd9HbkUGI%2FzdYC%2FwYAihDQzAs9Z5v9nriBWpWI88eeHKcBfHnVKT2M3mI0cjzy%2FkCMStsf8pC9fzZjkiWz1wt4EO7UvJkHfY3X6R4HqL%2BVpH8y%2BRVNlUtB7vhOx0nxSI7ZizhQJ8uN4%2FbarDGulZ7nI%2BlTukuY%2Fd8CTDdGP4WqsOoJ22bJcO56JdFm0Q%2FndUqLlEgio5cPTwQXW8IQSfKE4NwvCw7qS8XOpK5htl8AJcnCbezaKuYQsU7TtARBhTKL6TvT1FPmRDkU89jzomXtNjWRTyUaJ%2BRO4WZy4yqc159m6ZdbEQN%2BQsjK6V0FLd%2Fybx7qcubNSE3OzZUT76KyqzckASmm&nvMid=29619782067&catId=50001519
Apple 아이폰 13 mini 자급제 256GB 핑크,"1,024,600원",https://cr.shopping.naver.com/adcr.nhn?x=zzZH34BbPxdvyD4JDhqd6P%2F%2F%2Fw%3D%3DsD6w7VrftEzz2U%2BwCF9A3CCaKJ8nCIQLFYej1W988CotWQE1WikGGRjsm7ORTamZ7Wkaxk%2BsaMNbaXa4vWAZ4IF%2FtGZJcw5pDwEd3Z8Ej9MPZfYPdSDh10TsQY7EMWRFkk%2FHVlf3pZ06Msjp6annokHzmYN%2Fcvl75AGnByk2TjWEm5OY6%2FBA05LWPXaqTF3xXnI3Q%2FuFm111yFJnQ1iq5BxkZ7hw%2FtxVhT2jrdwZs57zZ8xWORluCSTI8I6r7h1xK6kk6ZGtD96iRw55GBYR9DBrt4JMenQXuEMAeojVWpXfOS73CjDNQ0niprtoR0AEKWDuAJuqZbGlx0juudI9chT9rXyqENDUD8omnd%2BAEOivf3Vb8LXDlJWzaxi1N0VJ6xfISg2u9P49a4DOhEpNPmMwbTEAr1wVvO2n0AgOB91JsXg5lUvZD9zC7Fi9WJJOHfauvmtrV%2FDosTLj2HSxMXNSXUxvoKYPFHUCS1w8lsqfnyjVFbRvWzRWGN2ItEJk2D8AVpBq1GcX6c%2BWybvU7FsgcNFCGmdJ9NbBC6YgHMkgfksuHl5HZ5LZhnvs9wZ4vl%2BcHNzYRdgrchVS34D%2F3oYOuAKV6RXG1Is03XJLviBeo1WQ5q1f78V3ip0FV0EkNSXsRcsD5LsB8x0sJplZxkFUp1gvvERDe1HvDg6p0LyYGruH08DlKshetxY8KUEZb&nvMid=29064819083&catId=50001519
Apple 아이폰 13 mini 자급제 256GB 스타라이트,"1,024,600원",https://cr.shopping.naver.com/adcr.nhn?x=5DEPs%2B2Uxts4Q0koABOTBf%2F%2F%2Fw%3D%3Dsf8GWgOjKDuiDj0kJW2ep7V1x8O%2F9O0zqnfe%2FdSCU36xhJz9H0Ub4KLvuVTVtNMxMsas54nq7h7j0cbVN4v412l6bw3bUmUv0m1B3AFbI2maWrPvdsDK5MuKdrS6%2B3lKgTJ5OyLd3ePYdorppuGxrVG3JzeXxkSdTecfUR4%2FvRQjd%2BKwjnmE8nmku4yNhWgwhmfLAARyRl0caaiEG3Q2bq9D4xCf1yKuZGZlWoMqRNxSMe8FYthkPobGNA3JnvaJZS2kPTbBElyXuNH3IhEjfwKK5uUEs%2BqMGnIyvfnClDLAZTUF2%2BNP5Hwk80VIzVu0kdtDFoHGHlXMyT9H6ai%2BkMIBsJjzV%2F3vl5Lmd9HbkUGI%2FzdYC%2FwYAihDQzAs9Z5v9OzLU9UwXUjJHz2JnfLdjrj2M3mI0cjzy%2FkCMStsf8pC9fzZjkiWz1wt4EO7UvJkHTs5g0dljgRZ2nfcoLc7W60tB7vhOx0nxSI7ZizhQJ8uN4%2FbarDGulZ7nI%2BlTukuYR6LHkW4HERjxr6Asf%2BUX4UAstQWw8%2FXALV7cmSzF7BBXpycH7JYwLLGPXute%2FyKuL3aXMZghk2CNFMEpXJGpCMVhcGOdqT9sI7yWmBNmYJTCkd2CpQ%2FahgJeoF%2FR72TukMCD5JRle%2Fol4gUKtuf3bAdMNe3FHc6OBqT9MIHTysFWhZ3SMHTcLlpircdRzUgq1JIslBmdxaTx7xO1%2BPPoWw%3D%3D&nvMid=29056389772&catId=50001519
Apple 아이폰 13 자급제 미드나이트 128GB,"1,024,600원",https://cr.shopping.naver.com/adcr.nhn?x=5lpRQIAsqLw5FWX10bX8bv%2F%2F%2Fw%3D%3DsM9%2FpbU3BBQwx%2BhICbqkN%2BU25yEC3kCeNXyBoAJJeOb8bsBKbbjTB%2BBCjsLv6tz%2BjwC820bp7vtA%2B1k%2F3VR2vJfNYJMWFASuWgnwy%2BddWhZG9ZPKk1OpVFn94TkhbFILOmhhV339A3zP0YdhZz3BfZXULJJH%2BMKqMyaVu%2BUeO3m60%2B85WmSKK5LY2dJjcChMGEH%2BAaYhDPzU3ewm5W9RQFe%2FnI3Hg9RH4gJ1st0gLvsR%2Be46zHzaiehuqKHsxEt%2F1dlTLme7LiNXajS88Ivv8frS5nP%2B8vPWPfSBwfu8dRnV5Xgt7d%2BpEk9xNaDlb%2BHQ5yGXnTnBntS4Qa%2B9sgwzO8sOmY27ZGze0Q%2BtXRlM4OxtarJoVrbEtunAYIkKGowOqTNDTPAZJmdB8E9NY4kaPRETX8rw4soZdFC%2B5iuUnj84Mbh6%2FL4zXePrhRg6eFPIZZcoVQ232aKvQNH%2FYqF0qdnornTeMFMWI76yU7BvGjg6beybS%2FJS7KxefviT1VQ9NklQfeGzfkb6SzbSTnuqGgOKmWRQCfoyj6w5bOYulPe5JFjzbTvRM6RUWx5xxQXhJlTd8Df5JkLn44JhxqeI70dr7OA2uvJMj5zjfEopEjZEugiDh5S8n%2B7Rc0MeNuzgdUNCkUFcdO17CFnvAj1xHw7Dvzx%2BqJVDY%2FkxtQyoqlCbHICEQpPL7Rm%2B2fyhjEhHR&nvMid=29056433547&catId=50001519
Apple 아이폰 13 Pro 자급제 512GB 시에라 블루,"1,636,800원",https://cr.shopping.naver.com/adcr.nhn?x=hFQLZeyDqbrkZbKEay2SX%2F%2F%2F%2Fw%3D%3Dsj6FJ0dJ%2Fy6J2amStp9pvzV90oAaYERgXYRyvB0fhpg1WQE1WikGGRjsm7ORTamZ7tqtLDZEx9LoJzv1YFuU1iF%2FtGZJcw5pDwEd3Z8Ej9MPZfYPdSDh10TsQY7EMWRFkk%2FHVlf3pZ06Msjp6annokHzmYN%2Fcvl75AGnByk2TjWEm5OY6%2FBA05LWPXaqTF3xXnI3Q%2FuFm111yFJnQ1iq5B812WLu%2F7%2Beay82t10ZeJk9iz8%2FPwjGOFyIsA1o5RcfAw2VX6aq9w3lbzNJtSYef8pBP%2FX5SqWs%2BXBdSekP8W2ko9zWFXxuZR7yvwOKv%2FjfhWDuAJuqZbGlx0juudI9chT9rXyqENDUD8omnd%2BAEOivf3Vb8LXDlJWzaxi1N0VJ6v8J4dj8HDjSig5Dwaouvz8wbTEAr1wVvO2n0AgOB91JsXg5lUvZD9zC7Fi9WJJOHLZmxR14bke1XS5I5aK1%2B9tSXUxvoKYPFHUCS1w8lsqdMxUUwg%2FGi6Nkc25p4LOg%2BoSc2utc6%2BQ6doP5uosjBD3F3IKpf3oA3%2F0bzu1zHx3gfg7H3GzBzSZuK%2FA3F4P6MIiM%2FrDOpkm95Bfxnh%2BM6cy%2Bqgh%2BDHNEm%2Be%2FUSVEPT3Z8CXl251OpmWizflz2KEWcM17OPCAeWKFsRYo%2Bgt%2BvIiWbWQaSdhrso7Ho4YNaGbbNjqh%2FZemCCOboDhnweAmG&nvMid=29060734140&catId=50001519
아이폰 13 자급제 128GB 핑크 MLPH3KH/A,"1,046,727원",https://cr.shopping.naver.com/adcr.nhn?x=spbsmfDVAbyplcjRipxKQv%2F%2F%2Fw%3D%3DsSqlAGdbq4W23J8a9NXmB5tWcjAmNwH8rgZhIr1jEui9hJz9H0Ub4KLvuVTVtNMxM3FAN%2FeFX5eX2HQ0AT%2BXyXF6bw3bUmUv0m1B3AFbI2maWrPvdsDK5MuKdrS6%2B3lKgis9rd2PWvIzq0nKrkhdphSTGCD9Vz5n4ms8MDGQoS0OXy0ZyPizqqSo9HPLc4z9c4hc4ZJ3NkiIjCIDc210DIW5y7SRxszUEnl9A8PZ9w2WorYoLP33X0ay3h2id35cpW0W7fEggyYTMgSGtXVNQKv2XQcjNiJyi8jyCIYB%2B6ycl31HQZ3LKrERx7f9O9%2BX7yLfRC0o%2FWYDsFhk%2BnF4ktzVCZ4rdk8hPModxsSdH4jz36uEDSbwNr%2FWHedWwgfoyorF6l7z2L4hAsodl%2FEvcO1d%2BqILAG09hjAR1K3qLYkBw7vkvp0OkiT2nNoeXo%2FyVSRxWnzishIouEv0cUFJT6FFfYAQmtmEw%2FTpJZffad%2BmlY0bGstmvRrypnWD8dLMEMVLEHr6k93MfcaZdXWj1xzH2Oocu4FCOOEpEB%2FIz5tUDGxE8Hs5X%2FBVDwxKF00xATDgjSLRfF0v28lymKAj%2F448GKY8NnA621mNyvBRyVn0qqcDgrvtwzkDuvmXs2HgX%2BC5e9yjpZeSRfpaGH6Ue9MtVYavx%2B%2B8fWZa9SBc8rqM%3D&nvMid=29609866919&catId=50001519
Apple 아이폰 13 자급제 레드 512GB,"1,455,000원",https://cr.shopping.naver.com/adcr.nhn?x=TaYh5fq5IG8f3e2tvpiG3v%2F%2F%2Fw%3D%3DsKmdww%2FXSc91j2tX4ZBpScpjxy9DoULcqa4NlvMuiV21WQE1WikGGRjsm7ORTamZ7wre6cpEl5eBFbAuBjA%2B%2Bm1%2FtGZJcw5pDwEd3Z8Ej9MPZfYPdSDh10TsQY7EMWRFkk%2FHVlf3pZ06Msjp6annokHzmYN%2Fcvl75AGnByk2TjWEm5OY6%2FBA05LWPXaqTF3xXnI3Q%2FuFm111yFJnQ1iq5B%2BLVKHEOPeUzp6G3G8y7cPMlf2OaP68Y4XHEryQysbMl2Hmm5s9mBn9OEBuOLUaN8erTalhTwd8JcffAn9Ch5p0ID2q1bsO6%2B4xsBQkwJUwGWDuAJuqZbGlx0juudI9chT9rXyqENDUD8omnd%2BAEOivf3Vb8LXDlJWzaxi1N0VJ6sud62uvy%2FTBqy4jspHL4%2BswbTEAr1wVvO2n0AgOB91JsXg5lUvZD9zC7Fi9WJJOHTWEyQnRYh1Prpth7ioF0gtSXUxvoKYPFHUCS1w8lsqdBrensRLLQnAkMWBGYELbN2qI9R8doituYk79WERwuMPGM0yuCPuiCOHAY0zQEVwQkHs9JSOyUE0tbQFz42S8f9FmqP73BsaD97AQamf5UmmU3N0kWCShHUw4vdlvoRYUjcv9xKKJqu7k6Y73Q0rpxKoVAjz0%2BrOfXaulmiiQdkVdznR4EhPC6BI08fc6TT2xWkbDrUFJ2hBG8QaB8WVzn&nvMid=30625061448&catId=50001519
해외아이폰13 / 13 미니 미국 직구 iPhone13 무음 카메라 관부가세포함,"1,050,000원",https://cr.shopping.naver.com/adcr.nhn?x=tyo0UZFRmxJP2olC7D4oof%2F%2F%2Fw%3D%3Dsd1NEmUo7bVi4KC82C7zn8FmmuDIdEP1fE%2BfXuzsgYAphJz9H0Ub4KLvuVTVtNMxMK8uELyPP7Tj1l%2FK6WvNzI16bw3bUmUv0m1B3AFbI2maWrPvdsDK5MuKdrS6%2B3lKgTJ5OyLd3ePYdorppuGxrVDaSZny%2B1MgSfJG5ocTRQNj1rIvubP2%2F%2BNF2sTRY2hEVXxOJL06fyeWgbcPRMkxUEeQiaYXQTEGuHixXZAF91iNlc6P1YajnJs%2FPQ4MWP%2BA7wc%2B%2FjkR2vl%2B%2B%2B%2F%2BVPNlrhVV0SOZhnH5hf62NKuHW%2FUINvWck%2FKhOGVTHiCwvADNB02u828vzWit6ztBSJh1NmQacbYAqjA%2FRBJSjG7ZMNVy6eYq%2F81h3YBTSWovx3whCeTxswSpjtmly9xBJ22QymOBsyy4CO%2B0moz2v7zHRCQr%2FXbg0Xe4hrfCjADIc2%2BHVl0lySFdzeDNtyMNHUmUoiVk3DyV8nLSCFVyr5X0WnQG4uvyyOrcQ8pCeA73nzekfPrRKTbTtBOpOa6oh6%2FhqduL7lkUN8PfmvXQEVm1dMqnmELFO07QEQYUyi%2Bk709RTBCjBi%2F7GOWrZDzamfNsJSueueXMAhKr5AzSZ4D7qaWzGSq0dhbQ88ynQxce%2Bj3Jvy1Vhq%2FH77x9Zlr1IFzyuow%3D%3D&nvMid=83250971273&catId=50001519
